Cell;Surface;FE Mesh Node Index;;;
No.;No.;1;2;3;4
1;1;509;11;512;634
2;1;512;490;576;634
3;1;576;491;577;634
4;1;577;500;509;634
5;1;576;490;513;635
6;1;513;501;578;635
7;1;578;520;579;635
8;1;579;491;576;635
9;1;578;501;514;636
10;1;514;507;580;636
11;1;580;521;581;636
12;1;581;520;578;636
13;1;580;507;515;637
14;1;515;523;582;637
15;1;582;522;583;637
16;1;583;521;580;637
17;1;582;523;516;638
18;1;516;78;584;638
19;1;584;524;585;638
20;1;585;522;582;638
21;1;584;78;517;639
22;1;517;525;586;639
23;1;586;76;587;639
24;1;587;524;584;639
25;1;586;525;518;640
26;1;518;526;588;640
27;1;588;527;589;640
28;1;589;76;586;640
29;1;588;526;519;641
30;1;519;8;506;641
31;1;506;74;590;641
32;1;590;527;588;641
33;1;508;500;577;642
34;1;577;491;591;642
35;1;591;528;492;642
36;1;492;6;508;642
37;1;591;491;579;643
38;1;579;520;592;643
39;1;592;529;493;643
40;1;493;528;591;643
41;1;592;520;581;644
42;1;581;521;593;644
43;1;593;72;494;644
44;1;494;529;592;644
45;1;593;521;583;645
46;1;583;522;594;645
47;1;594;530;495;645
48;1;495;72;593;645
49;1;594;522;585;646
50;1;585;524;595;646
51;1;595;531;496;646
52;1;496;530;594;646
53;1;595;524;587;647
54;1;587;76;596;647
55;1;596;70;497;647
56;1;497;531;595;647
57;1;596;76;589;648
58;1;589;527;597;648
59;1;597;532;498;648
60;1;498;70;596;648
61;1;597;527;590;649
62;1;590;74;505;649
63;1;505;3;499;649
64;1;499;532;597;649
65;2;142;14;511;650
66;2;511;533;598;650
67;2;598;534;599;650
68;2;599;535;142;650
69;2;598;533;510;651
70;2;510;7;502;651
71;2;502;536;600;651
72;2;600;534;598;651
73;2;146;535;599;652
74;2;599;534;601;652
75;2;601;537;602;652
76;2;602;538;146;652
77;2;601;534;600;653
78;2;600;536;503;653
79;2;503;539;603;653
80;2;603;537;601;653
81;2;149;538;602;654
82;2;602;537;604;654
83;2;604;500;509;654
84;2;509;11;149;654
85;2;604;537;603;655
86;2;603;539;504;655
87;2;504;6;508;655
88;2;508;500;604;655
89;3;145;14;142;354
90;3;142;535;143;354
91;3;143;79;144;354
92;3;144;17;145;354
93;3;143;535;146;355
94;3;146;538;147;355
95;3;147;80;148;355
96;3;148;79;143;355
97;3;147;538;149;356
98;3;149;11;150;356
99;3;150;16;151;356
100;3;151;80;147;356
101;3;153;80;151;357
102;3;151;16;152;357
103;3;152;81;153;357
104;3;152;16;154;358
105;3;154;540;155;358
106;3;155;126;156;358
107;3;156;81;152;358
108;3;159;126;155;359
109;3;155;540;157;359
110;3;157;20;158;359
111;3;158;85;159;359
112;3;162;85;158;360
113;3;158;20;160;360
114;3;160;541;161;360
115;3;161;127;162;360
116;3;161;541;163;361
117;3;163;24;164;361
118;3;164;88;165;361
119;3;165;127;161;361
120;3;169;24;166;362
121;3;166;458;167;362
122;3;167;128;168;362
123;3;168;91;169;362
124;3;171;24;169;363
125;3;169;91;170;363
126;3;170;90;171;363
127;3;164;24;171;364
128;3;171;90;172;364
129;3;172;88;164;364
130;3;175;128;167;365
131;3;167;458;173;365
132;3;173;28;174;365
133;3;174;95;175;365
134;3;178;95;174;366
135;3;174;28;176;366
136;3;176;553;177;366
137;3;177;129;178;366
138;3;181;98;179;367
139;3;179;32;180;367
140;3;180;100;181;367
141;3;179;98;182;368
142;3;182;129;177;368
143;3;177;553;183;368
144;3;183;32;179;368
145;3;186;100;180;369
146;3;180;32;184;369
147;3;184;552;185;369
148;3;185;130;186;369
149;3;189;103;187;370
150;3;187;36;188;370
151;3;188;105;189;370
152;3;187;103;190;371
153;3;190;130;185;371
154;3;185;552;191;371
155;3;191;36;187;371
156;3;194;105;188;372
157;3;188;36;192;372
158;3;192;542;193;372
159;3;193;131;194;372
160;3;197;108;195;373
161;3;195;40;196;373
162;3;196;110;197;373
163;3;195;108;198;374
164;3;198;131;193;374
165;3;193;542;199;374
166;3;199;40;195;374
167;3;202;40;200;375
168;3;200;554;201;375
169;3;201;111;202;375
170;3;196;40;202;376
171;3;202;111;203;376
172;3;203;110;196;376
173;3;206;554;204;377
174;3;204;44;205;377
175;3;205;115;206;377
176;3;205;44;207;378
177;3;207;543;208;378
178;3;208;132;209;378
179;3;209;115;205;378
180;3;212;543;210;379
181;3;210;48;211;379
182;3;211;118;212;379
183;3;216;48;213;380
184;3;213;562;214;380
185;3;214;133;215;380
186;3;215;121;216;380
187;3;218;48;216;381
188;3;216;121;217;381
189;3;217;119;218;381
190;3;211;48;218;382
191;3;218;119;219;382
192;3;219;118;211;382
193;3;222;133;214;383
194;3;214;562;220;383
195;3;220;52;221;383
196;3;221;125;222;383
197;3;225;125;221;384
198;3;221;52;223;384
199;3;223;57;224;384
200;3;224;563;225;384
201;3;228;124;226;385
202;3;226;125;225;385
203;3;225;563;227;385
204;3;227;462;228;385
205;3;231;53;229;386
206;3;229;124;228;386
207;3;228;462;230;386
208;3;230;60;231;386
209;3;233;124;229;387
210;3;229;53;232;387
211;3;232;123;233;387
212;3;232;53;234;388
213;3;234;572;235;388
214;3;235;134;236;388
215;3;236;123;232;388
216;3;239;49;237;389
217;3;237;120;238;389
218;3;238;134;235;389
219;3;235;572;239;389
220;3;242;557;240;390
221;3;240;135;241;390
222;3;241;120;237;390
223;3;237;49;242;390
224;3;240;557;243;391
225;3;243;45;244;391
226;3;244;116;245;391
227;3;245;135;240;391
228;3;249;45;246;392
229;3;246;483;247;392
230;3;247;136;248;392
231;3;248;113;249;392
232;3;251;45;249;393
233;3;249;113;250;393
234;3;250;114;251;393
235;3;244;45;251;394
236;3;251;114;252;394
237;3;252;116;244;394
238;3;255;41;253;395
239;3;253;109;254;395
240;3;254;136;247;395
241;3;247;483;255;395
242;3;258;487;256;396
243;3;256;137;257;396
244;3;257;109;253;396
245;3;253;41;258;396
246;3;261;106;259;397
247;3;259;37;260;397
248;3;260;104;261;397
249;3;259;106;262;398
250;3;262;137;256;398
251;3;256;487;263;398
252;3;263;37;259;398
253;3;266;69;264;399
254;3;264;138;265;399
255;3;265;104;260;399
256;3;260;37;266;399
257;3;269;101;267;400
258;3;267;33;268;400
259;3;268;99;269;400
260;3;267;101;270;401
261;3;270;138;264;401
262;3;264;69;271;401
263;3;271;33;267;401
264;3;274;71;272;402
265;3;272;139;273;402
266;3;273;99;268;402
267;3;268;33;274;402
268;3;277;96;275;403
269;3;275;29;276;403
270;3;276;94;277;403
271;3;275;96;278;404
272;3;278;139;272;404
273;3;272;71;279;404
274;3;279;29;275;404
275;3;282;29;280;405
276;3;280;73;281;405
277;3;281;93;282;405
278;3;276;29;282;406
279;3;282;93;283;406
280;3;283;94;276;406
281;3;286;73;284;407
282;3;284;25;285;407
283;3;285;89;286;407
284;3;285;25;287;408
285;3;287;75;288;408
286;3;288;140;289;408
287;3;289;89;285;408
288;3;292;75;290;409
289;3;290;21;291;409
290;3;291;86;292;409
291;3;296;21;293;410
292;3;293;77;294;410
293;3;294;141;295;410
294;3;295;83;296;410
295;3;298;21;296;411
296;3;296;83;297;411
297;3;297;84;298;411
298;3;291;21;298;412
299;3;298;84;299;412
300;3;299;86;291;412
301;3;301;17;144;413
302;3;144;79;300;413
303;3;300;141;294;413
304;3;294;77;301;413
305;3;156;126;302;414
306;3;302;82;303;414
307;3;303;81;156;414
308;3;305;82;302;415
309;3;302;126;159;415
310;3;159;85;304;415
311;3;304;83;305;415
312;3;297;83;304;416
313;3;304;85;306;416
314;3;306;84;297;416
315;3;306;85;162;417
316;3;162;127;307;417
317;3;307;86;299;417
318;3;299;84;306;417
319;3;309;127;165;418
320;3;165;88;308;418
321;3;308;87;309;418
322;3;308;88;310;419
323;3;310;140;311;419
324;3;311;87;308;419
325;3;312;86;307;420
326;3;307;127;309;420
327;3;309;87;312;420
328;3;314;91;168;421
329;3;168;128;313;421
330;3;313;92;314;421
331;3;313;128;315;422
332;3;315;93;316;422
333;3;316;92;313;422
334;3;317;89;289;423
335;3;289;140;310;423
336;3;310;88;172;423
337;3;172;90;317;423
338;3;283;93;315;424
339;3;315;128;175;424
340;3;175;95;318;424
341;3;318;94;283;424
342;3;254;109;319;425
343;3;319;110;203;425
344;3;203;111;320;425
345;3;320;136;254;425
346;3;322;136;320;426
347;3;320;111;321;426
348;3;321;112;322;426
349;3;323;113;248;427
350;3;248;136;322;427
351;3;322;112;323;427
352;3;325;115;209;428
353;3;209;132;324;428
354;3;324;116;252;428
355;3;252;114;325;428
356;3;328;122;326;429
357;3;326;134;238;429
358;3;238;120;327;429
359;3;327;121;328;429
360;3;331;118;329;430
361;3;329;135;330;430
362;3;330;117;331;430
363;3;330;135;245;431
364;3;245;116;332;431
365;3;332;117;330;431
366;3;332;116;324;432
367;3;324;132;333;432
368;3;333;117;332;432
369;3;217;121;327;433
370;3;327;120;334;433
371;3;334;119;217;433
372;3;334;120;241;434
373;3;241;135;329;434
374;3;329;118;219;434
375;3;219;119;334;434
376;3;326;122;335;435
377;3;335;123;236;435
378;3;236;134;326;435
379;3;336;112;321;436
380;3;321;111;201;436
381;3;201;554;206;436
382;3;206;115;336;436
383;3;331;117;333;437
384;3;333;132;208;437
385;3;208;543;212;437
386;3;212;118;331;437
387;3;337;92;316;438
388;3;316;93;281;438
389;3;281;73;286;438
390;3;286;89;337;438
391;3;312;87;311;439
392;3;311;140;288;439
393;3;288;75;292;439
394;3;292;86;312;439
395;3;303;82;338;440
396;3;338;79;148;440
397;3;148;80;153;440
398;3;153;81;303;440
399;3;305;83;295;441
400;3;295;141;300;441
401;3;300;79;338;441
402;3;338;82;305;441
403;3;317;90;170;442
404;3;170;91;314;442
405;3;314;92;337;442
406;3;337;89;317;442
407;3;340;97;339;443
408;3;339;96;277;443
409;3;277;94;318;443
410;3;318;95;340;443
411;3;343;97;341;444
412;3;341;98;181;444
413;3;181;100;342;444
414;3;342;99;343;444
415;3;278;96;339;445
416;3;339;97;343;445
417;3;343;99;273;445
418;3;273;139;278;445
419;3;182;98;341;446
420;3;341;97;340;446
421;3;340;95;178;446
422;3;178;129;182;446
423;3;269;99;342;447
424;3;342;100;344;447
425;3;344;102;345;447
426;3;345;101;269;447
427;3;189;105;346;448
428;3;346;104;347;448
429;3;347;102;348;448
430;3;348;103;189;448
431;3;347;104;265;449
432;3;265;138;270;449
433;3;270;101;345;449
434;3;345;102;347;449
435;3;344;100;186;450
436;3;186;130;190;450
437;3;190;103;348;450
438;3;348;102;344;450
439;3;261;104;346;451
440;3;346;105;349;451
441;3;349;107;350;451
442;3;350;106;261;451
443;3;352;107;351;452
444;3;351;108;197;452
445;3;197;110;319;452
446;3;319;109;352;452
447;3;262;106;350;453
448;3;350;107;352;453
449;3;352;109;257;453
450;3;257;137;262;453
451;3;198;108;351;454
452;3;351;107;349;454
453;3;349;105;194;454
454;3;194;131;198;454
455;3;325;114;250;455
456;3;250;113;323;455
457;3;323;112;336;455
458;3;336;115;325;455
459;3;226;124;233;456
460;3;233;123;335;456
461;3;335;122;353;456
462;3;353;125;226;456
463;3;328;121;215;457
464;3;215;133;222;457
465;3;222;125;353;457
466;3;353;122;328;457
467;4;544;54;555;656
468;4;555;459;605;656
469;4;605;460;606;656
470;4;606;461;544;656
471;4;605;459;556;657
472;4;556;64;564;657
473;4;564;463;607;657
474;4;607;460;605;657
475;4;545;461;606;658
476;4;606;460;608;658
477;4;608;464;609;658
478;4;609;465;545;658
479;4;608;460;607;659
480;4;607;463;565;659
481;4;565;466;610;659
482;4;610;464;608;659
483;4;546;465;609;660
484;4;609;464;611;660
485;4;611;467;612;660
486;4;612;468;546;660
487;4;611;464;610;661
488;4;610;466;566;661
489;4;566;469;613;661
490;4;613;467;611;661
491;4;547;468;612;662
492;4;612;467;614;662
493;4;614;470;615;662
494;4;615;471;547;662
495;4;614;467;613;663
496;4;613;469;567;663
497;4;567;472;616;663
498;4;616;470;614;663
499;4;548;471;615;664
500;4;615;470;617;664
501;4;617;473;618;664
502;4;618;474;548;664
503;4;617;470;616;665
504;4;616;472;568;665
505;4;568;475;619;665
506;4;619;473;617;665
507;4;549;474;618;666
508;4;618;473;620;666
509;4;620;476;621;666
510;4;621;477;549;666
511;4;620;473;619;667
512;4;619;475;569;667
513;4;569;478;622;667
514;4;622;476;620;667
515;4;550;477;621;668
516;4;621;476;623;668
517;4;623;479;624;668
518;4;624;480;550;668
519;4;623;476;622;669
520;4;622;478;570;669
521;4;570;481;625;669
522;4;625;479;623;669
523;4;551;480;624;670
524;4;624;479;626;670
525;4;626;482;558;670
526;4;558;57;551;670
527;4;626;479;625;671
528;4;625;481;571;671
529;4;571;67;559;671
530;4;559;482;626;671
531;5;560;60;230;672
532;5;230;462;627;672
533;5;627;484;628;672
534;5;628;485;560;672
535;5;561;485;628;673
536;5;628;484;629;673
537;5;629;486;573;673
538;5;573;68;561;673
539;5;627;462;227;674
540;5;227;563;630;674
541;5;630;488;631;674
542;5;631;484;627;674
543;5;629;484;631;675
544;5;631;488;632;675
545;5;632;489;574;675
546;5;574;486;629;675
547;5;630;563;224;676
548;5;224;57;558;676
549;5;558;482;633;676
550;5;633;488;630;676
551;5;632;488;633;677
552;5;633;482;559;677
553;5;559;67;575;677
554;5;575;489;632;677
